tender_no,nature,awarded_to,l1_price,basic,qty,category,comp_a,comp_c,comp_d,comp_b,comp_e,comp_h,comp_i,comp_j,comp_k,comp_l,zone,division,year,month,day
55051,execution,comp_a,2511.0,2127.7,2031,60kg,2511.0,2475.0,0.0,0.0,0.0,0.0,0.0,0.0,0.0,0.0,SE,KGP,2023,4,17
55051,execution,comp_a,2144.0,1816.6,3063,r260,2144.0,2475.0,0.0,0.0,0.0,0.0,0.0,0.0,0.0,0.0,SE,KGP,2023,4,17
55052,execution,comp_b,5199.0,4405.5,1500,60kg,6101.0,5886.0,0.0,5199.0,0.0,0.0,0.0,0.0,0.0,0.0,CR,NGP,2023,4,24
55052,execution,comp_b,5118.0,4336.9,1000,r260,6006.0,5794.0,0.0,5118.0,0.0,0.0,0.0,0.0,0.0,0.0,CR,NGP,2023,4,24
55052,execution,comp_b,5118.0,4336.9,500,52kg,6006.0,5794.0,0.0,5118.0,0.0,0.0,0.0,0.0,0.0,0.0,CR,NGP,2023,4,24
55052,execution,comp_b,3859.0,3270.2,200,60kg,4529.0,4369.0,0.0,3859.0,0.0,0.0,0.0,0.0,0.0,0.0,CR,NGP,2023,4,24
55052,execution,comp_b,3797.0,3217.7,200,r260,4456.0,4299.0,0.0,3797.0,0.0,0.0,0.0,0.0,0.0,0.0,CR,NGP,2023,4,24
55052,execution,comp_b,3797.0,3217.7,200,52kg,4456.0,4299.0,0.0,3797.0,0.0,0.0,0.0,0.0,0.0,0.0,CR,NGP,2023,4,24
55053,supply,comp_c,2181.0,1848.0,302,52kg,2788.0,2181.0,2755.2,0.0,0.0,0.0,0.0,0.0,0.0,0.0,NFR,TSK,2023,4,26
55053,supply,comp_c,2262.0,1917.0,200,60kg,2892.55,2262.0,2857.7,0.0,0.0,0.0,0.0,0.0,0.0,0.0,NFR,TSK,2023,4,26
55054,supervision,comp_b,1895.0,1606.0,1551,r260,2560.0,2395.0,2241.0,1895.0,0.0,0.0,0.0,0.0,0.0,0.0,ECR,DDU,2023,4,27
55055,supply,comp_c,1800.0,1525.7,16,52kg,2587.0,1800.0,0.0,0.0,0.0,4065.0,0.0,0.0,0.0,0.0,SR,PKD,2023,5,2
55055,supply,comp_c,2033.0,1722.6,3108,r260,2921.0,2033.0,0.0,0.0,0.0,4590.0,0.0,0.0,0.0,0.0,SR,PKD,2023,5,2
55056,execution,comp_a,5156.0,4369.1,1500,60kg,5156.0,6101.0,0.0,5757.0,0.0,0.0,0.0,0.0,0.0,0.0,CR,NGP,2023,5,2
55056,execution,comp_a,5075.0,4301.1,1000,r260,5075.0,6006.0,0.0,5667.0,0.0,0.0,0.0,0.0,0.0,0.0,CR,NGP,2023,5,2
55056,execution,comp_a,5075.0,4301.1,500,52kg,5075.0,6006.0,0.0,5667.0,0.0,0.0,0.0,0.0,0.0,0.0,CR,NGP,2023,5,2
55056,execution,comp_a,3827.0,3243.2,200,60kg,3827.0,4529.0,0.0,4273.0,0.0,0.0,0.0,0.0,0.0,0.0,CR,NGP,2023,5,2
55056,execution,comp_a,3766.0,3191.1,200,r260,3766.0,4456.0,0.0,4205.0,0.0,0.0,0.0,0.0,0.0,0.0,CR,NGP,2023,5,2
55056,execution,comp_a,3766.0,3191.1,200,52kg,3766.0,4456.0,0.0,4205.0,0.0,0.0,0.0,0.0,0.0,0.0,CR,NGP,2023,5,2
55057,supply,comp_c,2253.0,1909.5,1160,60kg,3371.0,2253.0,3258.0,0.0,0.0,0.0,0.0,0.0,0.0,0.0,ECOR,SBP,2023,5,12
55057,supply,comp_c,2100.0,1779.7,1765,r260,3142.0,2100.0,3036.0,0.0,0.0,0.0,0.0,0.0,0.0,0.0,ECOR,SBP,2023,5,12
55058,supply,comp_b,1772.0,1502.0,2000,52kg,2390.0,1871.0,2029.13,1772.0,0.0,0.0,0.0,0.0,0.0,0.0,ER,HWH,2023,5,18
55058,supply,comp_b,1878.0,1592.0,2000,60kg,2533.0,1983.0,2150.21,1878.0,0.0,0.0,0.0,0.0,0.0,0.0,ER,HWH,2023,5,18
55058,supply,comp_b,1556.0,1319.0,10000,r260,2098.38,1642.67,1781.5,1556.0,0.0,0.0,0.0,0.0,0.0,0.0,ER,HWH,2023,5,18
55059,supply,comp_d,1727.0,1463.0,1000,60kg,2614.0,2437.0,1727.0,2498.47,0.0,0.0,0.0,0.0,0.0,0.0,NCR,AGC,2023,5,22
55059,supply,comp_d,1625.0,1377.0,500,52kg,2459.0,2293.0,1625.0,2350.99,0.0,0.0,0.0,0.0,0.0,0.0,NCR,AGC,2023,5,22
55059,execution,comp_d,3518.0,2981.0,1000,60kg,5325.0,4964.0,3518.0,5089.77,0.0,0.0,0.0,0.0,0.0,0.0,NCR,AGC,2023,5,22
55059,execution,comp_d,3406.0,2886.0,1500,52kg,5155.0,4805.0,3406.0,4927.52,0.0,0.0,0.0,0.0,0.0,0.0,NCR,AGC,2023,5,22
55059,execution,comp_d,2582.0,2188.0,30,60kg,3908.0,3643.0,2582.0,3735.48,0.0,0.0,0.0,0.0,0.0,0.0,NCR,AGC,2023,5,22
55059,execution,comp_d,2445.0,2072.0,30,52kg,3701.0,3450.0,2445.0,3537.42,0.0,0.0,0.0,0.0,0.0,0.0,NCR,AGC,2023,5,22
55060,supply,comp_c,2728.0,2312.0,800,60kg,3061.0,2728.0,0.0,0.0,0.0,0.0,0.0,0.0,0.0,0.0,WR,RTM,2023,5,24
55060,supply,comp_c,2878.0,2439.0,1973,r260,3229.27,2878.0,0.0,0.0,0.0,0.0,0.0,0.0,0.0,0.0,WR,RTM,2023,5,24
55060,execution,comp_c,4807.0,4074.0,800,60kg,5394.0,4807.0,0.0,0.0,0.0,0.0,0.0,0.0,0.0,0.0,WR,RTM,2023,5,24
55060,execution,comp_c,4973.0,4215.0,1685,r260,5580.57,4973.0,0.0,0.0,0.0,0.0,0.0,0.0,0.0,0.0,WR,RTM,2023,5,24
55061,supply,comp_d,3005.0,2547.0,2100,60kg,3093.0,3252.0,3005.0,0.0,0.0,0.0,0.0,0.0,0.0,0.0,NCR,PRYJ,2023,5,24
55061,supply,comp_d,1827.0,1548.0,4200,r260,2388.57,1977.09,1827.0,0.0,0.0,0.0,0.0,0.0,0.0,0.0,NCR,PRYJ,2023,5,24
55062,execution,comp_a,2888.0,2448.0,3000,r260,2888.0,3483.94,0.0,0.0,0.0,0.0,0.0,0.0,0.0,0.0,SECR,NGP,2023,5,31
55062,execution,comp_a,2408.0,2040.0,2500,60kg,2408.0,2904.17,0.0,0.0,0.0,0.0,0.0,0.0,0.0,0.0,SECR,NGP,2023,5,31
55062,execution,comp_a,2311.0,1958.0,1200,52kg,2311.0,2786.98,0.0,0.0,0.0,0.0,0.0,0.0,0.0,0.0,SECR,NGP,2023,5,31
55063,supply,comp_a,2009.0,1702.2,1200,60kg,2009.0,2400.14,2609.87,2217.28,0.0,0.0,0.0,0.0,0.0,0.0,ECOR,KUR,2023,6,16
55063,supply,comp_a,2118.0,1794.7,1350,r260,2118.0,2029.77,2207.143,1875.13,0.0,0.0,0.0,0.0,0.0,0.0,ECOR,KUR,2023,6,16
55064,execution,comp_e,3050.0,2584.6,415,60kg,5027.22,2350.058,3152.402,0.0,3050.0,0.0,0.0,0.0,0.0,0.0,SE,KGP,2023,6,22
55064,supply,comp_e,2068.0,1752.6,1118,r260,2247.26,2349.97,2359.85,0.0,2068.0,0.0,0.0,0.0,0.0,0.0,SE,KGP,2023,6,22
55065,supply,comp_a,2481.0,2103.0,982,60kg,2481.0,2543.0,2659.17,0.0,0.0,0.0,0.0,0.0,0.0,0.0,WR,ADI,2023,6,27
55065,supply,comp_a,2617.0,2218.0,1455,r260,2617.0,2682.5,2805.035,0.0,0.0,0.0,0.0,0.0,0.0,0.0,WR,ADI,2023,6,27
55065,execution,comp_a,4372.0,3705.0,1368,60kg,4372.0,4480.71,4685.38,0.0,0.0,0.0,0.0,0.0,0.0,0.0,WR,ADI,2023,6,27
55065,execution,comp_a,4523.0,3833.0,1301,r260,4523.0,4635.69,4847.44,0.0,0.0,0.0,0.0,0.0,0.0,0.0,WR,ADI,2023,6,27
55065,execution,comp_a,4283.0,3629.0,5,52kg,4283.0,4389.32,4589.817,0.0,0.0,0.0,0.0,0.0,0.0,0.0,WR,ADI,2023,6,27
55066,supply,comp_c,1626.0,1378.3,267,60kg,1701.07,1626.0,2037.27,0.0,0.0,0.0,0.0,0.0,0.0,0.0,SR,TPJ,2023,7,4
55066,supply,comp_c,1910.0,1618.8,3830,52kg,1997.91,1910.0,2392.78,0.0,0.0,0.0,0.0,0.0,0.0,0.0,SR,TPJ,2023,7,4
55066,supply,comp_c,1976.0,1674.3,180,r260,2066.41,1976.0,2474.816,0.0,0.0,0.0,0.0,0.0,0.0,0.0,SR,TPJ,2023,7,4
55067,supply,comp_c,1905.0,1614.2,525,52kg,1916.39,1905.0,2392.78,0.0,0.0,0.0,0.0,0.0,0.0,0.0,SR,TPJ,2023,7,4
55067,supply,comp_c,1970.0,1669.6,4083,r260,1982.09,1970.0,2474.81,0.0,0.0,0.0,0.0,0.0,0.0,0.0,SR,TPJ,2023,7,4
55068,supply,comp_c,1644.0,1393.0,100,60kg,1677.72,1644.0,2037.27,0.0,0.0,0.0,0.0,0.0,0.0,0.0,SR,TPJ,2023,7,4
55068,supply,comp_c,1930.0,1636.0,1050,52kg,1970.48,1930.0,2392.78,0.0,0.0,0.0,0.0,0.0,0.0,0.0,SR,TPJ,2023,7,4
55068,supply,comp_c,1996.0,1692.0,800,r260,2038.04,1996.0,2474.81,0.0,0.0,0.0,0.0,0.0,0.0,0.0,SR,TPJ,2023,7,4
55069,supply,comp_c,2665.0,2259.0,533,60kg,4395.33,2665.0,2715.68,0.0,0.0,0.0,0.0,0.0,0.0,0.0,WR,MAS,2023,7,4
55069,supply,comp_c,2579.0,2186.0,333,52kg,4253.13,2579.0,2627.827,0.0,0.0,0.0,0.0,0.0,0.0,0.0,WR,MAS,2023,7,4
55069,supply,comp_c,2812.0,2383.0,1244,r260,4636.42,2812.0,2864.64,0.0,0.0,0.0,0.0,0.0,0.0,0.0,WR,MAS,2023,7,4
55069,execution,comp_c,4696.0,3980.0,527,60kg,7744.44,4696.0,4784.955,0.0,0.0,0.0,0.0,0.0,0.0,0.0,WR,MAS,2023,7,4
55069,execution,comp_c,4859.0,4118.0,1229,r260,8012.3,4859.0,4950.456,0.0,0.0,0.0,0.0,0.0,0.0,0.0,WR,MAS,2023,7,4
55070,execution,comp_c,2140.0,1814.0,5782,60kg,5186.3,2140.0,2341.242,0.0,0.0,0.0,0.0,0.0,0.0,0.0,SE,KGP,2023,7,6
55071,execution,comp_c,1962.0,1663.0,1257,60kg,2066.06,1962.0,2230.34,0.0,0.0,0.0,0.0,0.0,0.0,0.0,SR,MAS,2023,7,7
55071,execution,comp_c,1904.0,1614.0,444,52kg,2037.83,1904.0,2230.38,0.0,0.0,0.0,0.0,0.0,0.0,0.0,SR,MAS,2023,7,7
55071,execution,comp_c,1962.0,1663.0,2451,r260,2000.33,1962.0,2230.219,0.0,0.0,0.0,0.0,0.0,0.0,0.0,SR,MAS,2023,7,7
55072,cutting,comp_d,406.0,344.0,1200,60kg,405.5,389.1,406.0,0.0,0.0,0.0,0.0,0.0,0.0,0.0,WCR,BPL,2023,8,2
55072,cutting,comp_d,599.0,508.0,500,60kg,599.0,575.0,599.0,0.0,0.0,0.0,0.0,0.0,0.0,0.0,WCR,BPL,2023,8,2
55072,supply,comp_d,2685.0,2275.0,200,60kg,2685.0,2576.0,2685.0,0.0,0.0,0.0,0.0,0.0,0.0,0.0,WCR,BPL,2023,8,2
55072,supply,comp_d,4848.0,4109.0,200,r260,4848.0,4652.0,4848.0,0.0,0.0,0.0,0.0,0.0,0.0,0.0,WCR,BPL,2023,8,2
55072,execution,comp_d,5502.0,4663.0,150,60kg,5502.0,5280.0,5502.0,0.0,0.0,0.0,0.0,0.0,0.0,0.0,WCR,BPL,2023,8,2
55072,execution,comp_d,7906.0,6700.0,100,r260,7906.0,7586.0,7906.0,0.0,0.0,0.0,0.0,0.0,0.0,0.0,WCR,BPL,2023,8,2
55072,execution,comp_d,4134.0,3504.0,100,60kg,4134.0,3967.0,4134.0,0.0,0.0,0.0,0.0,0.0,0.0,0.0,WCR,BPL,2023,8,2
55072,execution,comp_d,6330.0,5365.0,500,r260,6330.0,6074.0,6330.0,0.0,0.0,0.0,0.0,0.0,0.0,0.0,WCR,BPL,2023,8,2
55073,execution,comp_a,5784.0,4901.5,870,52kg,5784.0,5801.46,5889.81,0.0,0.0,0.0,0.0,0.0,0.0,0.0,ER,MLDT,2023,8,9
55073,execution,comp_a,5972.0,5061.2,300,60kg,5972.0,5990.0,6082.0,0.0,0.0,0.0,0.0,0.0,0.0,0.0,ER,MLDT,2023,8,9
55073,execution,comp_a,4026.0,3412.0,530,r260,4026.0,4039.0,4100.0,0.0,0.0,0.0,0.0,0.0,0.0,0.0,ER,MLDT,2023,8,9
55073,execution,comp_a,8434.0,7147.6,100,60/52cmb,8434.0,8460.0,8589.0,0.0,0.0,0.0,0.0,0.0,0.0,0.0,ER,MLDT,2023,8,9
55073,execution,comp_a,10335.0,8758.1,50,60/52cmb,10335.0,10366.0,10524.0,0.0,0.0,0.0,0.0,0.0,0.0,0.0,ER,MLDT,2023,8,9
55074,supply,comp_a,1875.0,1589.1,1944,60kg,1875.0,2089.55,2359.25,0.0,0.0,0.0,0.0,0.0,0.0,0.0,NFR,RNY,2023,8,4
55074,supply,comp_a,2581.0,2187.5,1794,r260,2581.0,2876.52,3247.8,0.0,0.0,0.0,0.0,0.0,0.0,0.0,NFR,RNY,2023,8,4
55074,supply,comp_a,1808.0,1532.2,1796,52kg,1808.0,2014.71,2274.75,0.0,0.0,0.0,0.0,0.0,0.0,0.0,NFR,RNY,2023,8,4
55075,execution,comp_c,2218.21,1880.0,1500,52kg,5166.34,2218.21,2777.5,0.0,0.0,3417.36,0.0,0.0,0.0,0.0,NFR,KIR,2023,8,9
55075,execution,comp_c,1895.0,1606.0,400,r260,4414.04,1895.0,2373.05,0.0,0.0,2919.74,0.0,0.0,0.0,0.0,NFR,KIR,2023,8,9
55076,supervision,comp_a,3728.0,3159.0,3000,r260,3728.0,4700.19,0.0,0.0,0.0,0.0,0.0,0.0,0.0,0.0,SECR,NGP,2023,8,10
55076,supervision,comp_a,2232.0,1892.0,2500,60kg,2232.0,2900.21,0.0,0.0,0.0,0.0,0.0,0.0,0.0,0.0,SECR,NGP,2023,8,10
55076,supervision,comp_a,2249.0,1906.0,1200,52kg,2249.0,2800.07,0.0,0.0,0.0,0.0,0.0,0.0,0.0,0.0,SECR,NGP,2023,8,10
55077,execution,comp_a,6114.0,5181.0,2794,52kg,6114.0,13528.91,0.0,0.0,0.0,0.0,7492.94,0.0,0.0,0.0,NWR,BKN,2023,8,14
55078,supply,comp_a,1883.0,1596.0,2000,52kg,1883.0,1979.64,2155.4,0.0,0.0,0.0,0.0,0.0,0.0,0.0,ER,HWH,2023,8,21
55078,supply,comp_a,1996.0,1691.0,2000,60kg,1996.0,2097.77,2284.01,0.0,0.0,0.0,0.0,0.0,0.0,0.0,ER,HWH,2023,8,21
55078,supply,comp_a,1653.0,1401.0,10000,r260,1653.0,1738.0,1892.0,0.0,0.0,0.0,0.0,0.0,0.0,0.0,ER,HWH,2023,8,21
55078,execution,comp_a,4480.0,3797.0,200,60kg,4480.0,4709.19,5127.28,0.0,0.0,0.0,0.0,0.0,0.0,0.0,ER,HWH,2023,8,21
55079,supervision,comp_a,2800.0,2373.0,200,r260,2800.0,2152.0,3123.0,0.0,0.0,0.0,0.0,0.0,0.0,0.0,ECR,DNR,2023,8,23
55079,supply,comp_a,2200.0,1864.0,400,r260,2200.0,1721.0,2655.0,0.0,0.0,0.0,0.0,0.0,0.0,0.0,ECR,DNR,2023,8,23
55079,supply,comp_a,2800.0,2373.0,300,60kg,2800.0,3395.0,3123.0,0.0,0.0,0.0,0.0,0.0,0.0,0.0,ECR,DNR,2023,8,23
55079,supervision,comp_a,2750.0,2331.0,100,52kg,2750.0,3336.0,3096.0,0.0,0.0,0.0,0.0,0.0,0.0,0.0,ECR,DNR,2023,8,23
55079,supervision,comp_a,2400.0,2034.0,300,60kg,2400.0,3361.0,2655.0,0.0,0.0,0.0,0.0,0.0,0.0,0.0,ECR,DNR,2023,8,23
55079,supervision,comp_a,2500.0,2119.0,100,52kg,2500.0,3018.0,2601.0,0.0,0.0,0.0,0.0,0.0,0.0,0.0,ECR,DNR,2023,8,23
55080,supply,comp_c,1992.0,1688.0,4000,r260,2279.42,1992.0,2279.42,0.0,0.0,0.0,0.0,0.0,0.0,0.0,NCR,PRYJ,2023,8,31
55081,supervision,comp_d,2434.0,2063.0,2000,60kg,2483.22,2504.99,2434.0,0.0,0.0,0.0,0.0,0.0,0.0,0.0,ECR,DDU,2023,8,31
55081,supervision,comp_d,2867.0,2430.0,200,52kg,2925.13,2950.77,2867.0,0.0,0.0,0.0,0.0,0.0,0.0,0.0,ECR,DDU,2023,8,31
55081,supervision,comp_d,3122.0,2646.0,1326,r260,3185.49,3213.41,3122.0,0.0,0.0,0.0,0.0,0.0,0.0,0.0,ECR,DDU,2023,8,31
55082,supply,comp_c,3714.0,3148.0,480,60kg,3931.32,3714.0,3965.39,0.0,0.0,0.0,0.0,0.0,0.0,0.0,WCR,BPL,2023,8,31
55082,supply,comp_c,4418.0,3744.0,300,r260,4676.82,4418.0,4717.35,0.0,0.0,0.0,0.0,0.0,0.0,0.0,WCR,BPL,2023,8,31
55082,supply,comp_c,4624.0,3919.0,780,r260cmb,4894.7,4624.0,4937.11,0.0,0.0,0.0,0.0,0.0,0.0,0.0,WCR,BPL,2023,8,31
55082,execution,comp_c,6149.0,5211.0,320,60kg,6508.19,6149.0,6564.59,0.0,0.0,0.0,0.0,0.0,0.0,0.0,WCR,BPL,2023,8,31
55082,execution,comp_c,6065.0,5140.0,200,r260,6419.79,6065.0,6475.43,0.0,0.0,0.0,0.0,0.0,0.0,0.0,WCR,BPL,2023,8,31
55082,execution,comp_c,6271.0,5314.0,570,r260cmb,6637.69,6271.0,6695.21,0.0,0.0,0.0,0.0,0.0,0.0,0.0,WCR,BPL,2023,8,31
55083,supervision,comp_c,4100.0,3475.0,550,r260,4756.0,4100.0,6596.58,0.0,0.0,0.0,0.0,0.0,0.0,0.0,ER,MLDT,2023,9,1
55083,supervision,comp_c,6082.0,5154.0,600,60kg,7054.74,6082.0,6811.74,0.0,0.0,0.0,0.0,0.0,0.0,0.0,ER,MLDT,2023,9,1
55083,supervision,comp_c,5889.67,4991.0,1240,52kg,6832.18,5889.67,4592.0,0.0,0.0,0.0,0.0,0.0,0.0,0.0,ER,MLDT,2023,9,1
55084,supply,comp_b,2288.32,1939.3,3000,r260,2596.22,2673.48,2628.16,2288.32,0.0,0.0,0.0,0.0,0.0,0.0,ECOR,WAT,2023,9,7
55085,supply,comp_b,2278.58,1931.0,500,52kg,0.0,0.0,0.0,2278.58,0.0,0.0,0.0,0.0,0.0,0.0,ECOR,WAT,2023,9,7
55085,supply,comp_b,2322.42,1968.2,600,60kg,0.0,0.0,0.0,2322.42,0.0,0.0,0.0,0.0,0.0,0.0,ECOR,WAT,2023,9,7
55086,supply,comp_a,1998.03,1693.2,580,60kg,1998.03,2315.06,0.0,0.0,0.0,0.0,0.0,0.0,0.0,0.0,ECR,SEE,2023,9,26
55087,supervision,comp_b,2290.0,1940.7,4500,r260,2120.14,2130.37,2641.093,2290.0,0.0,0.0,0.0,0.0,0.0,0.0,ECOR,KUR,2023,10,11
55088,supply,comp_b,2474.36,2096.9,500,52kg,2419.38,2581.58,2749.29,2474.36,0.0,0.0,0.0,0.0,0.0,0.0,NFR,LMG,2023,10,12
55088,supply,comp_b,2276.25,1929.0,1000,60kg,2685.98,3095.7,4552.5,2276.25,0.0,0.0,0.0,0.0,0.0,0.0,NFR,LMG,2023,10,12
55088,supply,comp_b,2444.34,2071.5,1000,r260,2077.7,2770.26,4073.92,2444.34,0.0,0.0,0.0,0.0,0.0,0.0,NFR,LMG,2023,10,12
55089,execution,comp_b,3779.0,3202.5,450,52kg,4870.16,4161.12,0.0,3779.0,0.0,0.0,0.0,0.0,0.0,0.0,WCR,JBP,2023,10,13
55089,execution,comp_b,4036.0,3420.3,1300,r260,5273.88,4445.11,0.0,4036.0,0.0,0.0,0.0,0.0,0.0,0.0,WCR,JBP,2023,10,13
55089,execution,comp_b,4091.0,3466.9,350,60kg,5202.54,4506.06,0.0,4091.0,0.0,0.0,0.0,0.0,0.0,0.0,WCR,JBP,2023,10,13
55089,execution,comp_b,4173.0,3536.4,127,r260cmb,5379.11,4595.977,0.0,4173.0,0.0,0.0,0.0,0.0,0.0,0.0,WCR,JBP,2023,10,13
55089,supply,comp_b,2386.0,2022.0,650,52kg,3076.17,2628.31,0.0,2386.0,0.0,0.0,0.0,0.0,0.0,0.0,WCR,JBP,2023,10,13
55089,supply,comp_b,2524.0,2139.0,700,60kg,3253.91,2780.17,0.0,2524.0,0.0,0.0,0.0,0.0,0.0,0.0,WCR,JBP,2023,10,13
55089,supply,comp_b,2940.0,2491.5,3500,r260,3790.03,3238.24,0.0,2940.0,0.0,0.0,0.0,0.0,0.0,0.0,WCR,JBP,2023,10,13
55089,supply,comp_b,3077.0,2607.6,450,r260cmb,3966.6,3389.11,0.0,3077.0,0.0,0.0,0.0,0.0,0.0,0.0,WCR,JBP,2023,10,13
55090,supply,comp_a,2066.0,1750.8,3870,60kg,2066.0,2222.27,2519.87,0.0,0.0,0.0,0.0,0.0,0.0,0.0,ECOR,WAT,2023,10,16
55091,supervision,comp_a,3230.13,2737.4,900,52kg,3230.13,0.0,3930.155,5793.69,0.0,0.0,0.0,0.0,0.0,0.0,ER,SDAH,2023,10,20
55091,supervision,comp_a,3236.0,2742.4,1500,60kg,3236.0,0.0,4059.82,5984.85,0.0,0.0,0.0,0.0,0.0,0.0,ER,SDAH,2023,10,20
55091,supervision,comp_a,4644.0,3935.6,100,60/52cmb,4644.0,0.0,5651.02,8330.54,0.0,0.0,0.0,0.0,0.0,0.0,ER,SDAH,2023,10,20
55091,execution,comp_a,6067.0,5141.5,20,60/52cmb,6067.0,0.0,7382.15,10882.5,0.0,0.0,0.0,0.0,0.0,0.0,ER,SDAH,2023,10,20
55092,supply,comp_a,2054.74,1741.3,2400,r260,2054.74,0.0,0.0,2243.33,0.0,0.0,0.0,0.0,0.0,0.0,ECR,DHN,2023,11,13
55093,execution,comp_c,4415.0,3741.5,1222,52kg,7852.16,4415.0,6845.47,0.0,0.0,0.0,0.0,0.0,0.0,0.0,NER,LKO,2023,11,23
55094,supply,comp_c,2311.0,1958.5,100,52kg,3216.41,2311.0,2593.9,11933.0,0.0,0.0,0.0,0.0,0.0,0.0,NER,CAO,2023,11,24
55094,supply,comp_c,2281.0,1933.1,100,60kg,3258.43,2281.0,2627.8,0.0,0.0,0.0,0.0,0.0,0.0,0.0,NER,CAO,2023,11,24
55094,supply,comp_c,2178.0,1845.8,400,r260,3070.33,2178.0,2565.2,0.0,0.0,0.0,0.0,0.0,0.0,0.0,NER,CAO,2023,11,24
55094,supply,comp_c,2885.0,2444.9,150,r260cmb,4066.15,2885.0,3279.2,0.0,0.0,0.0,0.0,0.0,0.0,0.0,NER,CAO,2023,11,24
55094,execution,comp_c,1716.0,1454.2,750,60/52cmb,3901.7,1716.0,1796.3,0.0,0.0,0.0,0.0,0.0,0.0,0.0,NER,CAO,2023,11,24
55095,supply,comp_b,2141.7,1815.0,76790,60kg,2010.0,1886.0,1928.75,2141.7,0.0,0.0,0.0,0.0,0.0,0.0,SCR,STORES,2023,11,24
55095,supply,comp_c,2397.76,2032.0,65028,r260,2078.0,2397.76,2087.0,0.0,0.0,2885.0,0.0,0.0,0.0,0.0,SCR,STORES,2023,11,24
55095,supply,comp_c,2087.42,1769.0,13313,52kg,1920.0,2087.42,1812.0,1800.0,0.0,2885.0,0.0,0.0,0.0,0.0,SCR,STORES,2023,11,24
55096,execution,comp_a,3510.0,2974.6,550,r260,3510.0,4400.3,3510.7,4612.0,0.0,0.0,0.0,0.0,0.0,0.0,SECR,NGP,2023,11,24
55096,supervision,comp_a,2158.0,1828.8,344,60kg,2158.0,2800.0,2926.5,2480.0,0.0,0.0,0.0,0.0,0.0,0.0,SECR,NGP,2023,11,24
55096,supervision,comp_a,2094.0,1774.6,1078,52kg,2094.0,2600.2,2808.4,2332.0,0.0,0.0,0.0,0.0,0.0,0.0,SECR,NGP,2023,11,24
55097,execution,comp_b,4866.0,4123.7,700,r260,7031.94,5665.6,0.0,4866.0,0.0,0.0,0.0,0.0,0.0,0.0,NCR,JHS,2023,11,30
55097,execution,comp_b,4786.0,4055.9,250,60kg,7149.76,5760.53,0.0,4786.0,0.0,0.0,0.0,0.0,0.0,0.0,NCR,JHS,2023,11,30
55097,execution,comp_b,4786.0,4055.9,250,52kg,7031.94,5665.6,0.0,4786.0,0.0,0.0,0.0,0.0,0.0,0.0,NCR,JHS,2023,11,30
55098,supervision,comp_b,1560.0,1322.4,600,60kg,1651.03,1711.0,0.0,1560.0,0.0,0.0,0.0,0.0,0.0,0.0,ECR,DDU,2023,12,6
55098,supervision,comp_b,1838.0,1557.8,200,52kg,1944.84,2015.71,0.0,1838.0,0.0,0.0,0.0,0.0,0.0,0.0,ECR,DDU,2023,12,6
55098,supervision,comp_b,2002.0,1696.4,2150,r260,2117.95,2195.13,0.0,2002.0,0.0,0.0,0.0,0.0,0.0,0.0,ECR,DDU,2023,12,6
55099,supply,comp_a,1923.0,1629.7,300,52kg,1923.0,1890.91,2490.49,0.0,0.0,0.0,0.0,0.0,0.0,0.0,ECR,SEE,2023,12,6
55099,supply,comp_a,2094.0,1774.8,1227,r260,2094.0,2059.21,2712.17,0.0,0.0,0.0,0.0,0.0,0.0,0.0,ECR,SEE,2023,12,6
55100,supply,comp_b,1759.0,1490.7,4000,r260,1897.09,1986.3,0.0,1759.0,0.0,0.0,0.0,0.0,0.0,0.0,NCR,PRYJ,2023,12,6
55101,supply,comp_a,4130.0,3500.0,230,hh1080,4130.0,0.0,4354.2,0.0,0.0,0.0,0.0,0.0,0.0,0.0,DMRC,STORES,2023,12,7
55102,supply,comp_c,1959.2,1660.37,4760,r260,5148.92,1959.2,2463.91,2158.0,0.0,0.0,0.0,0.0,0.0,0.0,ECOR,WAT,2023,12,12
55103,supply,comp_d,2800.0,2372.88,640,52kg,5749.0,3800.0,2800.0,5000.0,0.0,0.0,0.0,6289.0,0.0,0.0,NER,BSB,2023,12,20
55103,supply,comp_d,2833.0,2400.85,200,60kg,5645.0,3930.0,2833.0,5000.0,0.0,0.0,0.0,6389.0,0.0,0.0,NER,BSB,2023,12,20
55103,execution,comp_d,1800.0,1525.42,840,60kg,2800.0,2016.0,1800.0,1500.0,0.0,0.0,0.0,2800.0,0.0,0.0,NER,BSB,2023,12,20
55104,supply,comp_b,1898.0,1608.56,1849,60kg,2537.97,2088.0,0.0,1898.0,0.0,0.0,0.0,0.0,0.0,0.0,SWR,UBL,2023,12,19
55104,supply,comp_b,1640.0,1389.75,690,52kg,2192.74,1804.0,0.0,1640.0,0.0,0.0,0.0,0.0,0.0,0.0,SWR,UBL,2023,12,19
55105,execution,comp_a,3825.0,3241.54,700,r260,3825.0,4165.9,4146.0,4037.0,0.0,0.0,0.0,0.0,8033.34,0.0,WCR,JBP,2023,12,22
55105,execution,comp_a,3955.0,3351.55,400,r260cmb,3955.0,4307.2,4286.0,4174.0,0.0,0.0,0.0,0.0,8305.98,0.0,WCR,JBP,2023,12,22
55105,execution,comp_a,3877.0,3285.98,450,60kg,3877.0,4223.0,4202.0,4092.0,0.0,0.0,0.0,0.0,8143.49,0.0,WCR,JBP,2023,12,22
55105,supply,comp_a,2787.0,2361.45,3000,r260,2787.0,3034.8,3020.0,2941.0,0.0,0.0,0.0,0.0,5852.26,0.0,WCR,JBP,2023,12,22
55105,supply,comp_a,2916.0,2471.47,450,r260cmb,2916.0,3176.2,3161.0,3078.0,0.0,0.0,0.0,0.0,6124.9,0.0,WCR,JBP,2023,12,22
55105,supply,comp_a,2392.0,2027.41,600,52kg,2392.0,2605.5,2593.0,2525.0,0.0,0.0,0.0,0.0,5024.42,0.0,WCR,JBP,2023,12,22
55106,supervision,comp_b,2500.0,2118.64,1500,r260,2272.76,2500.0,3601.69,2500.0,0.0,0.0,0.0,0.0,0.0,0.0,SECR,R,2023,12,27
55106,supervision,comp_b,2525.0,2140.0,1500,60kg,2252.77,2525.2,3602.16,2525.0,0.0,0.0,0.0,0.0,0.0,0.0,SECR,R,2023,12,27
55107,supply,comp_b,1887.0,1598.77,504,52kg,1978.95,1900.0,2539.59,1887.0,0.0,0.0,0.0,0.0,0.0,0.0,ECR,SEE,2023,12,28
55107,supply,comp_b,2054.0,1741.08,1822,r260,2155.09,2069.2,2765.64,2054.0,0.0,0.0,0.0,0.0,0.0,0.0,ECR,SEE,2023,12,28
55108,execution,comp_b,7485.0,6343.08,814,r260,8370.81,7500.29,0.0,7485.0,0.0,0.0,0.0,0.0,0.0,0.0,NR,FZR,2023,12,28
55108,execution,comp_b,7133.0,6044.75,200,52kg,7977.1,7147.53,0.0,7133.0,0.0,0.0,0.0,0.0,0.0,0.0,NR,FZR,2023,12,28
55109,supply,comp_c,1949.0,1651.69,3257,r260,2241.67,1949.0,2014.0,2423.0,0.0,3533.07,0.0,0.0,0.0,0.0,ECOR,SBP,2023,12,29
55110,supply,comp_a,1994.0,1690.0,1060,r260cmb,1994.0,2004.82,2442.6,0.0,0.0,0.0,0.0,0.0,0.0,0.0,CR,BSL,2024,1,1
55111,supply,comp_b,2029.0,1719.78,1000,60kg,2749.39,2227.955,0.0,2029.0,0.0,0.0,0.0,0.0,0.0,0.0,NFR,LMG,2024,1,4
55111,supply,comp_b,2029.0,1719.57,1500,52kg,2749.06,2227.687,0.0,2029.0,0.0,0.0,0.0,0.0,0.0,0.0,NFR,LMG,2024,1,4
55111,supply,comp_b,1734.0,1469.18,2220,r260,2348.76,1903.303,0.0,1734.0,0.0,0.0,0.0,0.0,0.0,0.0,NFR,LMG,2024,1,4
55112,supply,comp_b,1939.0,1643.31,1683,r260,2182.43,2062.124,0.0,1939.0,0.0,0.0,0.0,0.0,0.0,0.0,SWR,MYS,2024,1,5
55112,execution,comp_b,1626.0,1377.66,1683,r260,1829.63,1728.772,0.0,1626.0,0.0,0.0,0.0,0.0,0.0,0.0,SWR,MYS,2024,1,5
55113,supply,comp_b,2026.0,1717.04,569,60kg,2223.82,2087.962,0.0,2026.0,0.0,0.0,0.0,0.0,0.0,0.0,SWR,MYS,2024,1,5
55113,supply,comp_b,1981.0,1678.65,1776,r260,2174.09,2041.274,0.0,1981.0,0.0,0.0,0.0,0.0,0.0,0.0,SWR,MYS,2024,1,5
55113,execution,comp_b,1791.0,1517.71,190,60kg,1965.66,1845.572,0.0,1791.0,0.0,0.0,0.0,0.0,0.0,0.0,SWR,MYS,2024,1,5
55113,execution,comp_b,1661.0,1407.29,1776,r260,1822.64,1711.292,0.0,1661.0,0.0,0.0,0.0,0.0,0.0,0.0,SWR,MYS,2024,1,5
55114,supply,comp_b,2047.0,1735.12,436,60kg,2226.8,2087.962,0.0,2047.0,0.0,0.0,0.0,0.0,0.0,0.0,SWR,MYS,2024,1,5
55114,supply,comp_b,2002.0,1696.32,1329,r260,2177.01,2041.274,0.0,2002.0,0.0,0.0,0.0,0.0,0.0,0.0,SWR,MYS,2024,1,5
55114,execution,comp_b,1810.0,1533.69,100,60kg,1968.3,1845.572,0.0,1810.0,0.0,0.0,0.0,0.0,0.0,0.0,SWR,MYS,2024,1,5
55114,execution,comp_b,1678.0,1422.1,1329,r260,1825.09,1711.292,0.0,1678.0,0.0,0.0,0.0,0.0,0.0,0.0,SWR,MYS,2024,1,5
55115,supply,comp_b,1890.0,1601.97,1680,r260,2612.32,1850.2,2500.25,1890.0,0.0,0.0,0.0,0.0,0.0,0.0,ECOR,KUR,2024,1,10
55115,execution,comp_b,2400.0,2033.97,1083,r260,4010.08,4950.13,5899.74,2400.0,0.0,0.0,0.0,0.0,0.0,0.0,ECOR,KUR,2024,1,10
55116,execution,comp_b,4641.0,3933.25,700,60kg,4761.28,5861.79,5529.82,4641.0,0.0,0.0,0.0,0.0,0.0,0.0,WCR,KOTA,2024,1,10
55116,execution,comp_b,4679.0,3965.07,3000,52kg,4799.8,5909.21,5574.56,4679.0,0.0,0.0,0.0,0.0,0.0,0.0,WCR,KOTA,2024,1,10
55116,execution,comp_b,3488.0,2955.55,1000,60kg,3577.77,4404.72,4155.27,3488.0,0.0,0.0,0.0,0.0,0.0,0.0,WCR,KOTA,2024,1,10
55116,execution,comp_b,3531.0,2992.03,200,52kg,3621.92,4459.08,4206.55,3531.0,0.0,0.0,0.0,0.0,0.0,0.0,WCR,KOTA,2024,1,10
55116,execution,comp_a,3212.0,2722.14,300,60kg,3212.0,4066.42,0.0,3246.3,0.0,0.0,0.0,0.0,0.0,0.0,WCR,KOTA,2024,1,10
55116,execution,comp_a,4918.0,4167.94,1000,r260,4918.0,6226.2,0.0,4970.5,0.0,0.0,0.0,0.0,0.0,0.0,WCR,KOTA,2024,1,10
55117,execution,comp_b,3491.0,2958.69,320,60kg,3883.28,3739.97,3711.77,3491.0,0.0,0.0,0.0,0.0,0.0,0.0,WCR,BPL,2024,1,10
55117,execution,comp_b,3444.0,2918.5,200,r260,3830.53,3689.17,3661.35,3444.0,0.0,0.0,0.0,0.0,0.0,0.0,WCR,BPL,2024,1,10
55117,execution,comp_b,3561.0,3017.56,570,r260cmb,3960.55,3814.39,3785.63,3561.0,0.0,0.0,0.0,0.0,0.0,0.0,WCR,BPL,2024,1,10
55117,supply,comp_b,2109.0,1787.22,480,60kg,2345.73,2259.16,2242.12,2109.0,0.0,0.0,0.0,0.0,0.0,0.0,WCR,BPL,2024,1,10
55117,supply,comp_b,2509.0,2126.13,300,r260,2790.55,2687.56,2667.3,2509.0,0.0,0.0,0.0,0.0,0.0,0.0,WCR,BPL,2024,1,10
55117,supply,comp_b,2626.0,2225.18,780,r260cmb,2920.55,2812.76,2791.55,2626.0,0.0,0.0,0.0,0.0,0.0,0.0,WCR,BPL,2024,1,10
55118,supply,comp_b,1906.0,1615.14,2280,52kg,2493.59,1985.49,0.0,1906.0,0.0,3705.54,0.0,0.0,0.0,0.0,NFR,APDJ,2024,1,12
55118,supply,comp_b,1628.0,1379.95,1200,r260,2130.48,1696.37,0.0,1628.0,0.0,3165.96,0.0,0.0,0.0,0.0,NFR,APDJ,2024,1,12
55119,supply,comp_b,1934.0,1638.97,934,60kg,2360.95,2121.02,0.0,1934.0,0.0,0.0,0.0,0.0,0.0,0.0,SWR,UBL,2024,1,16
55119,supply,comp_b,1671.0,1416.03,1530,52kg,2039.8,1832.51,0.0,1671.0,0.0,0.0,0.0,0.0,0.0,0.0,SWR,UBL,2024,1,16
55119,supply,comp_b,1891.0,1602.81,122,60kg,2467.59,2121.02,0.0,1891.0,0.0,0.0,0.0,0.0,0.0,0.0,SWR,UBL,2024,1,16
55119,supply,comp_b,1634.0,1384.79,1200,52kg,2131.93,1832.51,0.0,1634.0,0.0,0.0,0.0,0.0,0.0,0.0,SWR,UBL,2024,1,16
55119,supply,comp_b,1722.0,1458.94,160,r260cmb,2158.18,2481.28,0.0,1722.0,0.0,0.0,0.0,0.0,0.0,0.0,SWR,UBL,2024,1,16
55120,supply,comp_b,1512.0,1281.29,96,60kg,2286.3,1625.08,1809.3,1512.0,0.0,0.0,0.0,0.0,0.0,0.0,SR,TPJ,2024,1,19
55120,supply,comp_b,1776.0,1504.87,3799,52kg,2685.26,1908.66,2125.03,1776.0,0.0,0.0,0.0,0.0,0.0,0.0,SR,TPJ,2024,1,19
55120,supply,comp_b,1837.0,1556.47,1778,r260,2777.32,1974.1,2197.88,1837.0,0.0,0.0,0.0,0.0,0.0,0.0,SR,TPJ,2024,1,19
55120,supply,comp_b,1553.0,1316.14,403,60kg,2329.39,1625.08,1809.3,1553.0,0.0,0.0,0.0,0.0,0.0,0.0,SR,TPJ,2024,1,19
55120,supply,comp_b,1824.0,1545.81,5091,52kg,2735.88,1908.66,2125.03,1824.0,0.0,0.0,0.0,0.0,0.0,0.0,SR,TPJ,2024,1,19
55120,supply,comp_b,1887.0,1598.8,423,r260,2829.67,1974.1,2197.88,1887.0,0.0,0.0,0.0,0.0,0.0,0.0,SR,TPJ,2024,1,19
55121,supervision,comp_b,2031.0,1721.45,1196,r260,2382.64,2550.13,3601.69,2031.0,0.0,0.0,0.0,0.0,0.0,0.0,SECR,R,2024,1,18
55121,supervision,comp_b,2154.0,1825.33,1375,60kg,2382.73,2550.01,3602.16,2154.0,0.0,0.0,0.0,0.0,0.0,0.0,SECR,R,2024,1,18
55122,execution,comp_b,4829.0,4092.47,77,60kg,6036.38,6338.2,0.0,4829.0,0.0,0.0,0.0,0.0,0.0,0.0,SR,MAS,2024,1,31
55122,execution,comp_b,5479.0,4643.14,160,r260,6848.63,7191.06,0.0,5479.0,0.0,0.0,0.0,0.0,0.0,0.0,SR,MAS,2024,1,31
55122,supply,comp_b,1733.0,1468.63,282,60kg,2842.09,2772.77,0.0,1733.0,0.0,0.0,0.0,0.0,0.0,0.0,SR,MAS,2024,1,31
55122,supply,comp_b,2035.0,1724.91,44,52kg,3338.04,3256.63,0.0,2035.0,0.0,0.0,0.0,0.0,0.0,0.0,SR,MAS,2024,1,31
55122,supply,comp_b,2105.0,1784.04,655,r260,3452.48,3368.27,0.0,2105.0,0.0,0.0,0.0,0.0,0.0,0.0,SR,MAS,2024,1,31
55124,execution,comp_l,4631.0,3924.37,822,52kg,6241.46,5949.33,0.0,4872.37,0.0,0.0,0.0,0.0,0.0,4631.0,NER,LKO,2024,2,1
55124,supervision,comp_l,3540.0,2999.72,400,52kg,4770.85,4548.01,0.0,3724.34,0.0,0.0,0.0,0.0,0.0,3540.0,NER,LKO,2024,2,1
55125,supply,comp_d,2030.0,1720.0,500,r260,2112.44,2041.4,2030.0,2100.4,0.0,0.0,0.0,0.0,0.0,0.0,WR,STORES,2024,2,5
55125,supply,comp_d,2030.0,1720.0,500,r260,2112.44,2041.4,2030.0,2065.0,0.0,0.0,0.0,0.0,0.0,0.0,WR,STORES,2024,2,5
55126,supply,comp_c,1770.0,1500.15,2000,60kg,1882.79,1770.0,0.0,1919.48,0.0,0.0,0.0,0.0,0.0,0.0,NER,LKO,2024,2,6
55126,supply,comp_c,1680.0,1423.85,1500,52kg,1987.06,1680.0,0.0,1876.55,0.0,0.0,0.0,0.0,0.0,0.0,NER,LKO,2024,2,6
55126,supply,comp_c,1770.0,1500.01,2698,r260,1976.64,1770.0,0.0,1834.85,0.0,0.0,0.0,0.0,0.0,0.0,NER,LKO,2024,2,6
55127,supply,comp_c,1786.0,1786.0,739,r260,2000.0,1786.0,1850.0,1850.0,0.0,0.0,0.0,0.0,0.0,0.0,WR,BRC,2024,2,12
55128,supply,comp_c,1816.0,1539.0,1500,52kg,2006.236,1816.0,2336.4,1982.4,0.0,0.0,0.0,0.0,0.0,0.0,WR,RTM,2024,2,19
55129,supply,comp_a,2029.0,1719.55,1108,60kg,2029.0,2131.73,2546.15072,2134.8736,0.0,0.0,0.0,0.0,0.0,0.0,WR,MAS,2024,2,20
55129,supply,comp_a,1963.0,1663.92,667,52kg,1963.0,2062.77,2463.77745,2065.806,0.0,0.0,0.0,0.0,0.0,0.0,WR,MAS,2024,2,20
55129,supply,comp_a,2140.0,1813.87,4364,r260,2140.0,2248.66,2685.81303,2251.9764,0.0,0.0,0.0,0.0,0.0,0.0,WR,MAS,2024,2,20
55129,execution,comp_a,3575.0,3029.8,1203,60kg,3575.0,3756.05,4486.24114,3761.5832,0.0,0.0,0.0,0.0,0.0,0.0,WR,MAS,2024,2,20
55129,execution,comp_a,3699.0,3134.59,2806,r260,3699.0,3885.96,4641.40977,3891.6876,0.0,0.0,0.0,0.0,0.0,0.0,WR,MAS,2024,2,20
55130,execution,comp_a,3043.0,2578.93,450,52kg,3043.0,3108.308,0.0,3652.62,0.0,0.0,0.0,0.0,0.0,0.0,WCR,JBP,2024,2,20
55130,execution,comp_a,3251.0,2754.94,1300,r260,3251.0,3320.4472,3129.794,3901.908,0.0,0.0,0.0,0.0,0.0,0.0,WCR,JBP,2024,2,20
55130,execution,comp_a,3361.0,2848.44,127,r260cmb,3361.0,3433.13964,3343.3996,4034.3346,0.0,0.0,0.0,0.0,0.0,0.0,WCR,JBP,2024,2,20
55130,execution,comp_a,3295.0,2792.71,350,60kg,3295.0,3365.9738,3456.87102,3955.407,0.0,0.0,0.0,0.0,0.0,0.0,WCR,JBP,2024,2,20
55130,supply,comp_a,1922.0,1628.94,650,52kg,1922.0,1963.32052,3389.2409,2307.1278,0.0,0.0,0.0,0.0,0.0,0.0,WCR,JBP,2024,2,20
55130,supply,comp_a,2368.0,2006.96,3500,r260,2368.0,2418.93372,1976.89186,2842.5258,0.0,0.0,0.0,0.0,0.0,0.0,WCR,JBP,2024,2,20
55130,supply,comp_a,2479.0,2100.46,450,r260cmb,2479.0,2531.62616,2435.65446,2974.9524,0.0,0.0,0.0,0.0,0.0,0.0,WCR,JBP,2024,2,20
55130,supply,comp_a,2033.0,1723.06,700,60kg,2033.0,2076.75944,2549.12588,2440.4316,0.0,0.0,0.0,0.0,0.0,0.0,WCR,JBP,2024,2,20
55131,supervision,comp_b,1994.0,1690.0,1200,60kg,2275.0,2139.0,2286.0,1994.0,0.0,0.0,0.0,0.0,0.0,0.0,ECR,WAT,2024,2,27
55131,supply,comp_b,2037.0,1726.0,1200,r260,1875.0,2137.0,2308.0,2037.0,0.0,0.0,0.0,0.0,0.0,0.0,ECR,WAT,2024,2,27
55132,supply,comp_b,1918.0,1625.0,1200,r260,1870.0,1659.0,1890.0,1918.0,0.0,0.0,0.0,0.0,0.0,0.0,WR,MAS,2024,2,28
55133,supervision,comp_b,2372.0,2010.0,800,60kg,2214.0,0.0,2172.0,2372.0,0.0,0.0,0.0,0.0,0.0,0.0,ECOR,KUR,2024,2,28
55134,supervision,comp_b,2211.0,1874.0,2500,r260,2064.0,0.0,2024.0,2211.0,0.0,0.0,0.0,0.0,0.0,0.0,ECOR,KUR,2024,2,28
